id,nome,email,data-cadastro,telefone
44,Romulo,romulo_44@gmail.com,2019-08-20 21:02:04,+55(23)2020-2924
73,Roberto tenorio,roberto-tenorio_73@gmail.com,2019-09-04 17:37:36,+55(22)2727-2422
74,Samara Lais Da Silva Santos,samara-lais-da-silva-santos_74@gmail.com,2019-09-05 09:35:02,+55(24)2129-2429
76,Danilo,danilo_76@gmail.com,2019-09-05 19:01:39,+55(21)2229-2525
205,Roberto Teles Tenório,roberto-teles-tenorio_205@gmail.com,2019-11-18 09:24:57,+55(26)2424-2122
211,Alan severino mendes de souza,alan-severino-mendes-de-souza_211@gmail.com,2019-12-02 23:29:14,+55(25)2323-2822
252,Maurício,mauricio_252@gmail.com,2019-12-22 11:06:22,+55(23)2227-2124
254,Sergio Gomes dos santos,sergio-gomes-dos-santos_254@gmail.com,2019-12-22 20:51:29,+55(29)3021-2124
298,Joao Vitor Santos da Silva,joao-vitor-santos-da-silva_298@gmail.com,2020-02-16 18:19:58,+55(27)2327-2227
335,Marcelo,marcelo_335@gmail.com,2020-05-09 19:57:23,+55(24)2424-2020
369,Leandro Artur,leandro-artur_369@gmail.com,2020-05-20 16:31:56,+55(22)2828-2321
387,José Cláudio Antonione Silva do Carmo,jose-claudio-antonione-silva-do-carmo_387@gmail.com,2020-06-28 10:56:30,+55(30)2321-2025
389,Erico Buarque,erico-buarque_389@gmail.com,2020-07-06 12:52:07,+55(21)2930-3022
393,Leandro,leandro_393@gmail.com,2020-07-15 07:42:14,+55(20)2026-2520
442,Tony,tony_442@gmail.com,2020-08-31 19:19:56,+55(22)3030-2629
443,JUAN CARLOS DA SILVA,juan-carlos-da-silva_443@gmail.com,2020-09-04 12:53:06,+55(25)2925-2023
449,André Victor flor de melo,andre-victor-flor-de-melo_449@gmail.com,2020-09-27 15:40:59,+55(30)2220-2522
454,Vanuza Joca dos santos,vanuza-joca-dos-santos_454@gmail.com,2020-10-01 12:11:14,+55(29)2329-3030
495,Fagner de almeida oliveira,fagner-de-almeida-oliveira_495@gmail.com,2020-10-31 08:55:46,+55(20)2521-3022
522,fabio ferreira da silva,fabio-ferreira-da-silva_522@gmail.com,2020-12-06 09:10:19,+55(24)2123-2225
523,Moab Fireman,moab-fireman_523@gmail.com,2020-12-06 14:20:43,+55(29)2124-3025
529,Geliane fireman honorio,geliane-fireman-honorio_529@gmail.com,2020-12-13 14:57:53,+55(30)2122-2925
530,Jalison Eulino Da Silva,jalison-eulino-da-silva_530@gmail.com,2020-12-15 18:40:23,+55(22)2721-2727
533,Sergio Vicente felipe,sergio-vicente-felipe_533@gmail.com,2020-12-18 17:33:23,+55(25)2124-2527
534,Thay,thay_534@gmail.com,2020-12-18 23:10:58,+55(29)2327-2626
570,Ednelson ramalho amorim,ednelson-ramalho-amorim_570@gmail.com,2021-01-08 10:46:08,+55(30)2921-2026
586,Armando Teles da Silva,armando-teles-da-silva_586@gmail.com,2021-02-12 12:20:14,+55(27)2720-2230
643,Djalma Macena da Silva,djalma-macena-da-silva_643@gmail.com,2021-03-30 13:19:21,+55(29)2726-2925
651,Júlio,julio_651@gmail.com,2021-05-07 19:56:20,+55(23)2826-2923
660,Sandra Paula dos Santos silva,sandra-paula-dos-santos-silva_660@gmail.com,2021-05-19 22:33:09,+55(22)2029-2124
671,Leonardo,leonardo_671@gmail.com,2021-05-21 21:28:56,+55(29)2328-2922
680,Vitor Litrenta,vitor-litrenta_680@gmail.com,2021-05-31 12:49:14,+55(30)2429-3028
685,Maciel,maciel_685@gmail.com,2021-06-04 09:15:35,+55(28)3021-2721
689,Jhon,jhon_689@gmail.com,2021-06-11 12:57:56,+55(25)2527-2425
690,ERINALDO,erinaldo_690@gmail.com,2021-06-12 13:19:34,+55(27)2725-2226
694,Lucas,lucas_694@gmail.com,2021-06-14 16:57:19,+55(20)2124-3021
695,Adelto Paulo Da silva,adelto-paulo-da-silva_695@gmail.com,2021-06-14 18:05:18,+55(22)2721-2321
702,Aurijean Ferreira Barros,aurijean-ferreira-barros_702@gmail.com,2021-06-25 23:05:01,+55(23)2730-2729
715,Zekinha,zekinha_715@gmail.com,2021-07-18 15:10:46,+55(21)2124-2026
718,Eduardo,eduardo_718@gmail.com,2021-07-28 20:18:59,+55(21)2530-3025
719,Luiz Carlos,luiz-carlos_719@gmail.com,2021-07-28 23:24:49,+55(24)2825-2020
724,Americo Neto Alves,americo-neto-alves_724@gmail.com,2021-08-19 20:52:28,+55(30)2422-2625
727,Natã,nata_727@gmail.com,2021-08-22 03:25:19,+55(28)3028-2522
730,Wesley,wesley_730@gmail.com,2021-08-29 21:31:48,+55(30)2320-2621
731,Wellington almeida da silva,wellington-almeida-da-silva_731@gmail.com,2021-09-03 18:16:21,+55(23)2125-2727
732,Luik,luik_732@gmail.com,2021-09-03 22:08:07,+55(22)2829-2621
737,Dalmir,dalmir_737@gmail.com,2021-09-17 07:58:46,+55(25)2525-2628
741,WILKE DOS SANTOS CALIXTO,wilke-dos-santos-calixto_741@gmail.com,2021-09-23 13:15:14,+55(29)2026-2929
827,DEYVID RAMOS SILVA,deyvid-ramos-silva_827@gmail.com,2021-10-27 22:32:50,+55(26)3024-2021
907,Azus,azus_907@gmail.com,2021-12-28 16:25:12,+55(29)2628-2026
